<?xml version="1.0" encoding="UTF-8"?>
<uifwks:Workspace version="1"
	xmlns:uifwks="http://www.amdocs.com/uif/workspace"
	xmlns:xsi="http://www.w3.org/2001/XMLSchema-instance"
	xsi:schemaLocation="http://www.amdocs.com/uif/workspace workspace.xsd">
	<SplashScreen image="amdocsOrdering.jpg">
		<Progress x="0" y="200" height="3" color="#000000" />
		<ProgressText x="20" y="230" font="Arial Bold 10"
			color="#000000" />
	</SplashScreen>
	<Applications>
	    <!--Specify the application file name in the name attribute (i.e. MyApp.uifad) -->
		<Application name="com/amdocs/oms/desktop/AmdocsOrdering.uifad" />
	</Applications>
	<HelpFrameSets>
		<HelpFrameSet default="true" url="" language="en" />
	</HelpFrameSets>
	<ResourceBundle>
		<TranslationLocales>
			<TranslationLocale default="true" language="en" country="US"/>
		</TranslationLocales>
	</ResourceBundle>
	
	<Logging>
		<!-- FilterLevel sets the level that, below which, logs are discarded.         -->
		<!-- This is also the default level for all the Filters.                       -->
		<!-- Filter levels:  SEVERE, WARNING, INFO, CONFIG, DEBUG, FINE, FINER, FINEST -->	
		<!-- debugging/production -->
		<FilterLevel>FINE</FilterLevel>
		
		<BufferSize>1000</BufferSize>
		
		<!-- Indicates if a displayable exception should be logged. -->
		<DisplayableExceptionLogged>false</DisplayableExceptionLogged>
		
		<!-- Specifies the log levels and percentage of a log to send to server. -->
		<SendToServer level="SEVERE" percentage="100" />
    		
		<!-- Log browser will show log records that match the below filter criteria.   -->
		<!-- Filters apply to logs created using UifForm log APIs.                     -->
		
		<Filters>
			<Filter category="Workspace" level="FINER" />
			<Filter form="" category="Form" level="CONFIG" />
		</Filters>
    	
		<!-- An error dialog is shown for logs at or above the level set below. -->
		<ShowErrorDialog level="SEVERE"/> 
    	
    	
		<OMSettings bufferSize="100" percentage="10" />
	</Logging>
	
	<!-- Indicates if the stack trace of an exception should be shown to the user.         --> 
	<!-- When it is false, the Details button on the Internal Error Dialog will be hidden. -->
	<ShowStackTrace>true</ShowStackTrace>
	
	<!--
	<LogicalBackend id="Ordering" desktopInitMode="Deferred" stripDynamicFields="true">
	  <PhysicalBackend id="Ordering1"/>
	  <PhysicalBackend id="Ordering2"/>
	  <PhysicalBackend id="Ordering3"/>
	  <PhysicalBackend id="Ordering4"/>
	</LogicalBackend>
	-->
	
	<!-- The server element defines configuration parameters for connecting to server. -->
	<Server id="OMS" url="http://lswebts4srv:5001/UifServer" protocol="HTTP" loginFormName="com.amdocs.oms.base.LoginOrderingForm" reloginFormName="com.amdocs.oms.base.ReLoginOrderingForm" compressHttpRequest="false">
		<Backend id="Ordering"/>
	</Server>	
	
	<!--
	<Server id="OMS1" url="http://localhost:5001/UifServer" protocol="HTTP" loginFormName="com.amdocs.oms.base.LoginOrderingForm" reloginFormName="com.amdocs.oms.base.ReLoginOrderingForm" compressHttpRequest="false">
		<Backend id="Ordering1"/>
	</Server>
	<Server id="OMS2" url="http://localhost:5001/UifServer" protocol="HTTP" loginFormName="com.amdocs.oms.base.LoginOrderingForm" reloginFormName="com.amdocs.oms.base.ReLoginOrderingForm" compressHttpRequest="false">
		<Backend id="Ordering2" desktopInitMode="Deferred"/>
	</Server>
	<Server id="OMS3" url="http://localhost:5001/UifServer" protocol="HTTP" loginFormName="com.amdocs.oms.base.LoginOrderingForm" reloginFormName="com.amdocs.oms.base.ReLoginOrderingForm" compressHttpRequest="false">
		<Backend id="Ordering3" desktopInitMode="Deferred"/>
	</Server>
	<Server id="OMS4" url="http://localhost:5001/UifServer" protocol="HTTP" loginFormName="com.amdocs.oms.base.LoginOrderingForm" reloginFormName="com.amdocs.oms.base.ReLoginOrderingForm" compressHttpRequest="false">
		<Backend id="Ordering4" desktopInitMode="Deferred"/>
	</Server>
	-->
	
	<Task corePoolSize="10" maxThreads="100" />
	<!-- Add server connection information -->
	<!-- Add login handling configuration -->
	<InitParam>
		<ParamName>userparam</ParamName>
		<ParamValue>userparamvalue</ParamValue>
		<Description>User Param</Description>
	</InitParam>
	<InitParam>
		<ParamName>gridDefaultMaxNumRequested</ParamName>
		<ParamValue>200</ParamValue>
		<Description>Default Maximum Number of results for search grid</Description>
	</InitParam>
	<InitParam>
        <ParamName>uifShowEditableComboBoxAsSelfInGrid</ParamName>
        <ParamValue>true</ParamValue>
        <Description>Flag that indicates whether combobox control should be rendered in the grid as a combobox or
                           or label, textfield, textarea following the same rules as other controls.
        </Description>
    </InitParam>
    <InitParam>
        <ParamName>uifPersistWorkareaWindowPreferences</ParamName>
        <ParamValue>false</ParamValue>
        <Description>Controls whether workarea form sizes and locations are stored. When true, such preferences are utilized the next time the form is opened in the workarea.  When false, these window preferences are not stored.
                 The default value is true.</Description>
    </InitParam>
    <InitParam>
        <ParamName>uifInitialWorkareaFormSizeFull</ParamName>
        <ParamValue>true</ParamValue>
        <Description>Controls whether a form's initial restored size fills the workarea.
            If workarea form sizes are persisted (see uifPersistWorkareaWindowPreferences),
            the initial size applies only to the very first time a form is opened. Otherwise, initial size applies each time a form is opened.
            When true, its initial size in restore state fills the workarea.  
            When false, its initial size in restore state depends on its content, but 
            is at least 1/2 the workarea width and height.  The default value is false.</Description>
    </InitParam>
    <InitParam>
	<ParamName>isIntegratedWithCSMOnly</ParamName>
	<ParamValue>false</ParamValue>
	<Description>if in integrated env with CSM but not with CRM this flag value should be true</Description>
    </InitParam>
    <InitParam>
    	<ParamName>TestTool_SmartInspector</ParamName>
    	<ParamValue>true</ParamValue>
    </InitParam>
  <!--<TitleBarDisplay value="Breadcrumb"/>-->
  <TitleBarDisplay value=""/>
</uifwks:Workspace>